<beans xmlns="http://www.springframework.org/schema/beans"
       xmlns:xsi="http://www.w3.org/2001/XMLSchema-instance"
       
      xmlns:context="http://www.springframework.org/schema/context"
       xsi:schemaLocation="http://www.springframework.org/schema/beans
       
        http://www.springframework.org/schema/beans/spring-beans-3.0.xsd
        
        http://www.springframework.org/schema/context
        http://www.springframework.org/schema/context/spring-context-3.0.xsd">


    <bean id="dataSource"
        class="org.apache.commons.dbcp.BasicDataSource">
        <property name="driverClassName" value="oracle.jdbc.driver.OracleDriver" />
        <property name="url" value="jdbc:oracle:thin:@localhost:1521:xe" />
        <property name="username" value="system"/>
        <property name="password" value="tiger"/>
        
        </bean> 
    <context:annotation-config />
    <bean id="sessionFactory"
        class="org.springframework.orm.hibernate4.LocalSessionFactoryBean">
        <property name="dataSource" ref="dataSource" />
        <property name="packagesToScan" value="com.sapient.web.domain" />
        <property name="hibernateProperties">
           <props>
            <prop key="hibernate.dialect">org.hibernate.dialect.OracleDialect</prop>
            <prop key="hibernate.show_sql">true</prop>
            <prop key="hibernate.hbm2ddl.auto">update</prop>
            <prop key="hibernate.cache.region.factory_class">org.hibernate.cache.ehcache.SingletonEhCacheRegionFactory</prop>
             <prop key="hibernate.cache.region.factory_class">org.hibernate.cache.ehcache.EhCacheRegionFactory</prop>
             <prop key="hibernate.cache.use_second_level_cache">true</prop>
		 <prop key="hibernate.cache.use_query_cache">true</prop>
 		 <prop key="net.sf.ehcache.configurationResourceName">/myehcache.xml</prop>
           
       		</props>
        </property>
    </bean>
    <bean id="transactionManager"
        class="org.springframework.orm.hibernate4.HibernateTransactionManager">
        <property name="sessionFactory" ref="sessionFactory" />
    </bean>
    <!--  <bean id="propertyConfigurer"
        class="org.springframework.beans.factory.config.PropertyPlaceholderConfigurer"
        p:location="/WEB-INF/jdbc.properties" /> -->
 
   

</beans>
